,loc_x,loc_y,b,n,iteration
0,13.755714285714285,52.51,0,0,1
1,44.82333333333333,24.616666666666667,0,0,1
2,29.09285714285714,58.72642857142857,0,0,1
3,32.60263157894737,40.50421052631579,1,8,1
4,11.914,33.602666666666664,1,6,1
5,21.92214285714286,42.440714285714286,0,0,1
6,38.945,85.535,0,0,1
7,42.733333333333334,52.12166666666667,0,0,1
8,28.948333333333334,18.036666666666672,0,0,1
9,18.485714285714288,61.29285714285714,1,7,1
